Datetime,Water Level (m)
2026-08-18 06:00:00,0.4131107
2026-08-18 07:00:00,0.8312133
2026-08-18 08:00:00,1.1491985
2026-08-18 09:00:00,1.3173699
2026-08-18 10:00:00,1.2340745
2026-08-18 11:00:00,0.98986757
2026-08-18 12:00:00,0.6837772
2026-08-18 13:00:00,0.40185574
2026-08-18 14:00:00,0.15918186
2026-08-18 15:00:00,-0.034262307
2026-08-18 16:00:00,-0.17712544
2026-08-18 17:00:00,-0.17676322
2026-08-18 18:00:00,0.18030034
2026-08-18 19:00:00,0.60152406
2026-08-18 20:00:00,0.93944675
2026-08-18 21:00:00,1.1546917
2026-08-18 22:00:00,1.1904366
2026-08-18 23:00:00,1.0433861
2026-08-19 00:00:00,0.80990463
2026-08-19 01:00:00,0.5687333
2026-08-19 02:00:00,0.3629851
2026-08-19 03:00:00,0.19556397
2026-08-19 04:00:00,0.071172394
2026-08-19 05:00:00,0.02776569
2026-08-19 06:00:00,0.20463634
2026-08-19 07:00:00,0.578694
2026-08-19 08:00:00,0.89772284
2026-08-19 09:00:00,1.0914826
2026-08-19 10:00:00,1.1066767
2026-08-19 11:00:00,0.9279063
2026-08-19 12:00:00,0.66632485
2026-08-19 13:00:00,0.4155299
2026-08-19 14:00:00,0.20315862
2026-08-19 15:00:00,0.03936582
2026-08-19 16:00:00,-0.071266204
2026-08-19 17:00:00,-0.10160291
2026-08-19 18:00:00,0.029355144
2026-08-19 19:00:00,0.34403312
2026-08-19 20:00:00,0.65995866
2026-08-19 21:00:00,0.9075549
2026-08-19 22:00:00,1.0511799
2026-08-19 23:00:00,1.0585619
2026-08-20 00:00:00,0.9122551
2026-08-20 01:00:00,0.6871957
2026-08-20 02:00:00,0.4659423
2026-08-20 03:00:00,0.28655508
2026-08-20 04:00:00,0.16083425
2026-08-20 05:00:00,0.1043483
2026-08-20 06:00:00,0.18662293
2026-08-20 07:00:00,0.43037197
2026-08-20 08:00:00,0.6770562
2026-08-20 09:00:00,0.8376124
2026-08-20 10:00:00,0.89149684
2026-08-20 11:00:00,0.81875664
2026-08-20 12:00:00,0.6579185
2026-08-20 13:00:00,0.4722323
2026-08-20 14:00:00,0.29524326
2026-08-20 15:00:00,0.15146421
2026-08-20 16:00:00,0.0433797
2026-08-20 17:00:00,-0.023264987
2026-08-20 18:00:00,-0.0043244446
2026-08-20 19:00:00,0.16754064
2026-08-20 20:00:00,0.44332126
2026-08-20 21:00:00,0.6741565
2026-08-20 22:00:00,0.8309833
2026-08-20 23:00:00,0.8994447
2026-08-21 00:00:00,0.86860114
2026-08-21 01:00:00,0.7583172
2026-08-21 02:00:00,0.6175613
2026-08-21 03:00:00,0.48407355
2026-08-21 04:00:00,0.38197333
2026-08-21 05:00:00,0.31756696
2026-08-21 06:00:00,0.29546013
2026-08-21 07:00:00,0.34712854
2026-08-21 08:00:00,0.47132394
2026-08-21 09:00:00,0.599648
2026-08-21 10:00:00,0.69455004
2026-08-21 11:00:00,0.7167007
2026-08-21 12:00:00,0.6521534
2026-08-21 13:00:00,0.5351631
2026-08-21 14:00:00,0.41246808
2026-08-21 15:00:00,0.3012104
2026-08-21 16:00:00,0.21040799
2026-08-21 17:00:00,0.14369822
2026-08-21 18:00:00,0.10879492
2026-08-21 19:00:00,0.13391012
2026-08-21 20:00:00,0.24206856
2026-08-21 21:00:00,0.41866165
2026-08-21 22:00:00,0.59979844
2026-08-21 23:00:00,0.7518652
2026-08-22 00:00:00,0.84321624
2026-08-22 01:00:00,0.8580275
2026-08-22 02:00:00,0.80117977
2026-08-22 03:00:00,0.7129574
2026-08-22 04:00:00,0.6122777
2026-08-22 05:00:00,0.5083778
2026-08-22 06:00:00,0.42020497
2026-08-22 07:00:00,0.37013793
2026-08-22 08:00:00,0.35781628
2026-08-22 09:00:00,0.37718514
2026-08-22 10:00:00,0.43072924
2026-08-22 11:00:00,0.50786835
2026-08-22 12:00:00,0.578798
2026-08-22 13:00:00,0.59847254
2026-08-22 14:00:00,0.5687487
2026-08-22 15:00:00,0.508795
2026-08-22 16:00:00,0.43074232
2026-08-22 17:00:00,0.33648127
2026-08-22 18:00:00,0.23624025
2026-08-22 19:00:00,0.15094031
2026-08-22 20:00:00,0.10843717
2026-08-22 21:00:00,0.14620739
2026-08-22 22:00:00,0.28092092
2026-08-22 23:00:00,0.483765
2026-08-23 00:00:00,0.6987398
2026-08-23 01:00:00,0.8599256
2026-08-23 02:00:00,0.9402145
2026-08-23 03:00:00,0.94328004
2026-08-23 04:00:00,0.87665695
2026-08-23 05:00:00,0.76136875
2026-08-23 06:00:00,0.6092851
2026-08-23 07:00:00,0.46459237
2026-08-23 08:00:00,0.3498417
2026-08-23 09:00:00,0.27591312
2026-08-23 10:00:00,0.24824776
2026-08-23 11:00:00,0.2825115
2026-08-23 12:00:00,0.3984708
2026-08-23 13:00:00,0.569095
2026-08-23 14:00:00,0.6927299
2026-08-23 15:00:00,0.7307191
2026-08-23 16:00:00,0.69556946
2026-08-23 17:00:00,0.5924677
2026-08-23 18:00:00,0.4423707
2026-08-23 19:00:00,0.28010646
2026-08-23 20:00:00,0.138624
2026-08-23 21:00:00,0.037846025
2026-08-23 22:00:00,0.004003262
2026-08-23 23:00:00,0.10938985
2026-08-24 00:00:00,0.38819286
2026-08-24 01:00:00,0.70326114
2026-08-24 02:00:00,0.9516212
2026-08-24 03:00:00,1.0970451
2026-08-24 04:00:00,1.1345898
2026-08-24 05:00:00,1.0540525
2026-08-24 06:00:00,0.8763349
